,C,Precision,Recall,Fscore
1,0.1,0.743,0.8013,0.7769
2,0.2,0.7951,0.7646,0.7765
3,0.3,0.8051,0.7446,0.7677
4,0.4,0.8124,0.7446,0.7703
5,0.5,0.8192,0.7412,0.7705
6,0.6,0.8209,0.7346,0.7668
7,0.7,0.8243,0.7362,0.7691
8,0.8,0.8233,0.7312,0.7655
9,0.9,0.8283,0.7329,0.7683
10,1.0,0.828,0.7312,0.7671
11,1.1,0.8251,0.7245,0.7616
12,1.2,0.8273,0.7195,0.7591
13,1.3,0.8285,0.7179,0.7584
14,1.4,0.8301,0.7179,0.7589
15,1.5,0.8346,0.7162,0.7593
16,1.6,0.835,0.7179,0.7606
17,1.7,0.8343,0.7145,0.758
18,1.8,0.834,0.7129,0.7569
19,1.9,0.832,0.7112,0.7551
20,2.0,0.8337,0.7112,0.7556
21,2.1,0.8383,0.7095,0.756
22,2.2,0.8383,0.7095,0.756
23,2.3,0.8402,0.7112,0.7577
24,2.4,0.8396,0.7078,0.7552
25,2.5,0.8402,0.7112,0.7577
26,2.6,0.8399,0.7095,0.7565
27,2.7,0.8399,0.7095,0.7565
28,2.8,0.8399,0.7095,0.7565
29,2.9,0.8399,0.7095,0.7565
30,3.0,0.8396,0.7078,0.7552
31,3.1,0.8379,0.7078,0.7547
32,3.2,0.8379,0.7078,0.7547
33,3.3,0.8399,0.7095,0.7565
34,3.4,0.8399,0.7095,0.7565
35,3.5,0.8379,0.7078,0.7547
36,3.6,0.8379,0.7078,0.7547
37,3.7,0.8379,0.7078,0.7547
38,3.8,0.8376,0.7062,0.7535
39,3.9,0.8376,0.7062,0.7535
40,4.0,0.836,0.7062,0.753
41,4.1,0.836,0.7062,0.753
42,4.2,0.836,0.7062,0.753
43,4.3,0.8343,0.7062,0.7524
44,4.4,0.8356,0.7045,0.7517
45,4.5,0.8356,0.7045,0.7517
46,4.6,0.8353,0.7028,0.7504
47,4.7,0.8353,0.7028,0.7504
48,4.8,0.835,0.7012,0.7492
49,4.9,0.8333,0.7012,0.7487
50,5.0,0.8333,0.7012,0.7487
51,5.1,0.835,0.7012,0.7492
52,5.2,0.835,0.7012,0.7492
53,5.3,0.835,0.7012,0.7492
54,5.4,0.8347,0.6995,0.748
55,5.5,0.8347,0.6995,0.748
56,5.6,0.8333,0.7012,0.7487
57,5.7,0.833,0.6995,0.7474
58,5.8,0.8327,0.6978,0.7462
59,5.9,0.8327,0.6978,0.7462
60,6.0,0.8323,0.6962,0.7449
61,6.1,0.8323,0.6962,0.7449
62,6.2,0.8323,0.6962,0.7449
63,6.3,0.8327,0.6978,0.7462
64,6.4,0.831,0.6978,0.7456
65,6.5,0.8294,0.6978,0.7451
66,6.6,0.8294,0.6978,0.7451
67,6.7,0.8277,0.6978,0.7445
68,6.8,0.8274,0.6962,0.7433
69,6.9,0.8257,0.6962,0.7428
70,7.0,0.8257,0.6962,0.7428
71,7.1,0.8257,0.6962,0.7428
72,7.2,0.8261,0.6978,0.744
73,7.3,0.8241,0.6962,0.7423
74,7.4,0.8241,0.6962,0.7423
75,7.5,0.8238,0.6945,0.741
76,7.6,0.8231,0.6912,0.7385
77,7.7,0.8234,0.6928,0.7397
78,7.8,0.8234,0.6928,0.7397
79,7.9,0.8234,0.6928,0.7397
80,8.0,0.8234,0.6928,0.7397
81,8.1,0.8234,0.6928,0.7397
82,8.2,0.8238,0.6945,0.741
83,8.3,0.8234,0.6928,0.7397
84,8.4,0.8267,0.6928,0.7408
85,8.5,0.825,0.6928,0.7402
86,8.6,0.825,0.6928,0.7402
87,8.7,0.825,0.6928,0.7402
88,8.8,0.8254,0.6945,0.7415
89,8.9,0.8238,0.6945,0.741
90,9.0,0.8238,0.6945,0.741
91,9.1,0.8221,0.6945,0.7405
92,9.2,0.8205,0.6945,0.74
93,9.3,0.8185,0.6928,0.7381
94,9.4,0.8169,0.6928,0.7376
95,9.5,0.8185,0.6928,0.7381
96,9.6,0.8189,0.6945,0.7394
97,9.7,0.8173,0.6945,0.7389
98,9.8,0.8157,0.6945,0.7384
99,9.9,0.8141,0.6945,0.7379
100,10.0,0.8141,0.6945,0.7379
101,10.1,0.8141,0.6945,0.7379
102,10.2,0.8145,0.6962,0.7391
103,10.3,0.8153,0.6928,0.7371
104,10.4,0.8157,0.6945,0.7384
105,10.5,0.8129,0.6962,0.7386
106,10.6,0.8117,0.6978,0.7393
107,10.7,0.8117,0.6978,0.7393
108,10.8,0.8117,0.6978,0.7393
109,10.9,0.8117,0.6978,0.7393
110,11.0,0.8104,0.6995,0.74
111,11.1,0.8104,0.6995,0.74
112,11.2,0.8081,0.6962,0.737
113,11.3,0.8069,0.6978,0.7377
114,11.4,0.8054,0.6978,0.7372
115,11.5,0.8073,0.6995,0.739
116,11.6,0.8077,0.7012,0.7402
117,11.7,0.8077,0.7012,0.7402
118,11.8,0.8073,0.6995,0.739
119,11.9,0.8061,0.7012,0.7397
120,12.0,0.8061,0.7012,0.7397
121,12.1,0.8061,0.7012,0.7397
122,12.2,0.8042,0.6995,0.7379
123,12.3,0.8042,0.6995,0.7379
124,12.4,0.8023,0.6978,0.7362
125,12.5,0.8023,0.6978,0.7362
126,12.6,0.8008,0.6978,0.7356
127,12.7,0.7992,0.6978,0.7351
128,12.8,0.7996,0.6995,0.7364
129,12.9,0.7996,0.6995,0.7364
130,13.0,0.7992,0.6978,0.7351
131,13.1,0.7992,0.6978,0.7351
132,13.2,0.7992,0.6978,0.7351
133,13.3,0.7992,0.6978,0.7351
134,13.4,0.7992,0.6978,0.7351
135,13.5,0.7977,0.6978,0.7346
136,13.6,0.7981,0.6995,0.7359
137,13.7,0.7981,0.6995,0.7359
138,13.8,0.7981,0.6995,0.7359
139,13.9,0.7981,0.6995,0.7359
140,14.0,0.7981,0.6995,0.7359
141,14.1,0.7966,0.6995,0.7354
142,14.2,0.7966,0.6995,0.7354
143,14.3,0.7966,0.6995,0.7354
144,14.4,0.7966,0.6995,0.7354
145,14.5,0.7973,0.7028,0.7378
146,14.6,0.7973,0.7028,0.7378
147,14.7,0.7973,0.7028,0.7378
148,14.8,0.7973,0.7028,0.7378
149,14.9,0.797,0.7012,0.7366
150,15.0,0.7973,0.7028,0.7378
151,15.1,0.7973,0.7028,0.7378
152,15.2,0.7943,0.7028,0.7367
153,15.3,0.7943,0.7028,0.7367
154,15.4,0.7928,0.7028,0.7362
155,15.5,0.791,0.7012,0.7346
156,15.6,0.791,0.7012,0.7346
157,15.7,0.7895,0.7012,0.734
158,15.8,0.7899,0.7028,0.7352
159,15.9,0.7899,0.7028,0.7352
160,16.0,0.7914,0.7028,0.7357
161,16.1,0.7899,0.7028,0.7352
162,16.2,0.7869,0.7028,0.7342
163,16.3,0.7858,0.7045,0.7349
164,16.4,0.7858,0.7045,0.7349
165,16.5,0.7815,0.7045,0.7334
166,16.6,0.78,0.7045,0.7329
167,16.7,0.7794,0.7078,0.7348
168,16.8,0.7794,0.7078,0.7348
169,16.9,0.7784,0.7095,0.7355
170,17.0,0.7784,0.7095,0.7355
171,17.1,0.7796,0.7145,0.7392
172,17.2,0.7782,0.7145,0.7387
173,17.3,0.7776,0.7179,0.7406
174,17.4,0.7776,0.7179,0.7406
175,17.5,0.7776,0.7179,0.7406
176,17.6,0.7776,0.7179,0.7406
177,17.7,0.7762,0.7179,0.7401
178,17.8,0.7748,0.7179,0.7396
179,17.9,0.7734,0.7179,0.7391
180,18.0,0.7734,0.7179,0.7391
181,18.1,0.7734,0.7179,0.7391
182,18.2,0.7706,0.7179,0.7381
183,18.3,0.7692,0.7179,0.7376
184,18.4,0.7655,0.7195,0.7372
185,18.5,0.7655,0.7195,0.7372
186,18.6,0.7655,0.7195,0.7372
187,18.7,0.7655,0.7195,0.7372
188,18.8,0.766,0.7212,0.7385
189,18.9,0.7664,0.7229,0.7397
190,19.0,0.7664,0.7229,0.7397
191,19.1,0.7641,0.7245,0.7398
192,19.2,0.7614,0.7245,0.7388
193,19.3,0.7605,0.7262,0.7395
194,19.4,0.7592,0.7262,0.739
195,19.5,0.7587,0.7245,0.7378
196,19.6,0.7578,0.7262,0.7385
197,19.7,0.7578,0.7262,0.7385
198,19.8,0.7578,0.7262,0.7385
199,19.9,0.7548,0.7245,0.7363
200,20.0,0.7548,0.7245,0.7363
201,20.1,0.7548,0.7245,0.7363
202,20.2,0.7548,0.7245,0.7363
203,20.3,0.7552,0.7262,0.7375
204,20.4,0.7561,0.7295,0.7399
205,20.5,0.7561,0.7295,0.7399
206,20.6,0.7565,0.7312,0.7411
207,20.7,0.7539,0.7312,0.7401
208,20.8,0.753,0.7329,0.7408
209,20.9,0.753,0.7329,0.7408
210,21.0,0.7487,0.7362,0.7411
211,21.1,0.7487,0.7362,0.7411
212,21.2,0.7479,0.7379,0.7419
213,21.3,0.7466,0.7379,0.7414
214,21.4,0.747,0.7396,0.7425
215,21.5,0.7475,0.7412,0.7437
216,21.6,0.7475,0.7412,0.7437
217,21.7,0.745,0.7412,0.7427
218,21.8,0.7437,0.7412,0.7422
219,21.9,0.7429,0.7429,0.7429
220,22.0,0.7429,0.7429,0.7429
221,22.1,0.7429,0.7429,0.7429
222,22.2,0.7404,0.7429,0.7419
223,22.3,0.7392,0.7429,0.7414
224,22.4,0.7392,0.7429,0.7414
225,22.5,0.738,0.7429,0.7409
226,22.6,0.738,0.7429,0.7409
227,22.7,0.738,0.7429,0.7409
228,22.8,0.7372,0.7446,0.7416
229,22.9,0.7368,0.7429,0.7404
230,23.0,0.7348,0.7446,0.7406
231,23.1,0.7328,0.7462,0.7408
232,23.2,0.7316,0.7462,0.7403
233,23.3,0.7316,0.7462,0.7403
234,23.4,0.7292,0.7462,0.7393
235,23.5,0.7289,0.7496,0.7412
236,23.6,0.727,0.7513,0.7414
237,23.7,0.7274,0.7529,0.7425
238,23.8,0.7274,0.7529,0.7425
239,23.9,0.7274,0.7529,0.7425
240,24.0,0.7274,0.7529,0.7425
241,24.1,0.7262,0.7529,0.742
242,24.2,0.7232,0.7546,0.7417
243,24.3,0.7232,0.7546,0.7417
244,24.4,0.7236,0.7563,0.7429
245,24.5,0.7213,0.7563,0.7419
246,24.6,0.7213,0.7563,0.7419
247,24.7,0.7202,0.7563,0.7414
248,24.8,0.7202,0.7563,0.7414
249,24.9,0.7179,0.7563,0.7405
250,25.0,0.7184,0.7579,0.7416
251,25.1,0.7195,0.7579,0.7421
252,25.2,0.7177,0.7596,0.7423
253,25.3,0.7188,0.7596,0.7427
254,25.4,0.7188,0.7596,0.7427
255,25.5,0.7177,0.7596,0.7423
256,25.6,0.7172,0.7579,0.7411
257,25.7,0.7172,0.7579,0.7411
258,25.8,0.7154,0.7596,0.7413
259,25.9,0.715,0.7579,0.7401
260,26.0,0.715,0.7579,0.7401
261,26.1,0.7145,0.7563,0.739
262,26.2,0.715,0.7579,0.7401
263,26.3,0.7156,0.7563,0.7395
264,26.4,0.7145,0.7563,0.739
265,26.5,0.7156,0.7563,0.7395
266,26.6,0.7145,0.7563,0.739
267,26.7,0.7145,0.7563,0.739
268,26.8,0.7156,0.7563,0.7395
269,26.9,0.7123,0.7563,0.7381
270,27.0,0.7134,0.7563,0.7385
271,27.1,0.7123,0.7563,0.7381
272,27.2,0.7111,0.7563,0.7375
273,27.3,0.7111,0.7563,0.7375
274,27.4,0.7089,0.7563,0.7366
275,27.5,0.71,0.7563,0.7371
276,27.6,0.7105,0.7579,0.7382
277,27.7,0.7105,0.7579,0.7382
278,27.8,0.7094,0.7579,0.7377
279,27.9,0.7105,0.7579,0.7382
280,28.0,0.7094,0.7579,0.7377
281,28.1,0.7083,0.7579,0.7372
282,28.2,0.7061,0.7579,0.7363
283,28.3,0.7061,0.7579,0.7363
284,28.4,0.7061,0.7579,0.7363
285,28.5,0.705,0.7579,0.7358
286,28.6,0.705,0.7579,0.7358
287,28.7,0.705,0.7579,0.7358
288,28.8,0.705,0.7579,0.7358
289,28.9,0.705,0.7579,0.7358
290,29.0,0.7017,0.7579,0.7344
291,29.1,0.7039,0.7579,0.7353
292,29.2,0.7028,0.7579,0.7349
293,29.3,0.7022,0.7596,0.7355
294,29.4,0.7043,0.7596,0.7365
295,29.5,0.7,0.7596,0.7346
296,29.6,0.7,0.7596,0.7346
297,29.7,0.6989,0.7596,0.7341
298,29.8,0.6994,0.7613,0.7353
299,29.9,0.6994,0.7613,0.7353
300,30.0,0.6983,0.7613,0.7348
301,30.1,0.6977,0.7629,0.7354
302,30.2,0.6966,0.7629,0.7349
303,30.3,0.6966,0.7629,0.7349
304,30.4,0.695,0.7646,0.7352
305,30.5,0.6929,0.7646,0.7342
306,30.6,0.6918,0.7646,0.7337
307,30.7,0.6902,0.7663,0.7339
308,30.8,0.6892,0.7663,0.7335
309,30.9,0.6892,0.7663,0.7335
310,31.0,0.6882,0.7663,0.733
311,31.1,0.6886,0.7679,0.7341
312,31.2,0.6876,0.7679,0.7336
313,31.3,0.6876,0.7679,0.7336
314,31.4,0.6881,0.7696,0.7348
315,31.5,0.687,0.7696,0.7343
316,31.6,0.686,0.7696,0.7338
317,31.7,0.6845,0.7679,0.7322
318,31.8,0.6845,0.7679,0.7322
319,31.9,0.6815,0.7679,0.7308
320,32.0,0.6805,0.7679,0.7304
321,32.1,0.6805,0.7679,0.7304
322,32.2,0.6805,0.7679,0.7304
323,32.3,0.6805,0.7679,0.7304
324,32.4,0.6805,0.7679,0.7304
325,32.5,0.6775,0.7679,0.729
326,32.6,0.6755,0.7679,0.7281
327,32.7,0.6755,0.7679,0.7281
328,32.8,0.6755,0.7679,0.7281
329,32.9,0.6755,0.7679,0.7281
330,33.0,0.6745,0.7679,0.7276
331,33.1,0.6735,0.7679,0.7271
332,33.2,0.6735,0.7679,0.7271
333,33.3,0.6725,0.7679,0.7267
334,33.4,0.6706,0.7679,0.7258
335,33.5,0.6715,0.7679,0.7262
336,33.6,0.671,0.7696,0.7269
337,33.7,0.6701,0.7696,0.7265
338,33.8,0.6691,0.7696,0.726
339,33.9,0.6681,0.7696,0.7255
340,34.0,0.6681,0.7696,0.7255
341,34.1,0.6681,0.7696,0.7255
342,34.2,0.6686,0.7713,0.7267
343,34.3,0.6676,0.7713,0.7262
344,34.4,0.6676,0.7713,0.7262
345,34.5,0.6662,0.7696,0.7246
346,34.6,0.6657,0.7713,0.7253
347,34.7,0.6657,0.7713,0.7253
348,34.8,0.6643,0.7696,0.7237
349,34.9,0.6643,0.773,0.7255
350,35.0,0.6648,0.7746,0.7266
351,35.1,0.6643,0.773,0.7255
352,35.2,0.6638,0.7746,0.7261
353,35.3,0.6638,0.7746,0.7261
354,35.4,0.6629,0.7746,0.7257
355,35.5,0.6619,0.7746,0.7252
356,35.6,0.6619,0.7746,0.7252
357,35.7,0.6605,0.7763,0.7254
358,35.8,0.6605,0.7763,0.7254
359,35.9,0.6586,0.7763,0.7245
360,36.0,0.6591,0.778,0.7256
361,36.1,0.6596,0.7796,0.7267
362,36.2,0.6582,0.778,0.7252
363,36.3,0.6582,0.778,0.7252
364,36.4,0.6577,0.7796,0.7258
365,36.5,0.6577,0.7796,0.7258
366,36.6,0.6577,0.7796,0.7258
367,36.7,0.6577,0.7796,0.7258
368,36.8,0.6582,0.7813,0.7269
369,36.9,0.6582,0.7813,0.7269
370,37.0,0.6582,0.7813,0.7269
371,37.1,0.6582,0.7813,0.7269
372,37.2,0.6577,0.7796,0.7258
373,37.3,0.6577,0.7796,0.7258
374,37.4,0.6577,0.7796,0.7258
375,37.5,0.6577,0.7796,0.7258
376,37.6,0.6577,0.7796,0.7258
377,37.7,0.6577,0.7796,0.7258
378,37.8,0.6568,0.7796,0.7254
379,37.9,0.6568,0.7796,0.7254
380,38.0,0.6568,0.7796,0.7254
381,38.1,0.655,0.7796,0.7245
382,38.2,0.655,0.7796,0.7245
383,38.3,0.655,0.7796,0.7245
384,38.4,0.6541,0.7796,0.724
385,38.5,0.6541,0.7796,0.724
386,38.6,0.6541,0.7796,0.724
387,38.7,0.6541,0.7796,0.724
388,38.8,0.6541,0.7796,0.724
389,38.9,0.6522,0.7796,0.7231
390,39.0,0.6522,0.7796,0.7231
391,39.1,0.6513,0.7796,0.7227
392,39.2,0.6518,0.7813,0.7238
393,39.3,0.6518,0.7813,0.7238
394,39.4,0.6509,0.7813,0.7233
395,39.5,0.6509,0.7813,0.7233
396,39.6,0.6509,0.7813,0.7233
397,39.7,0.6509,0.7813,0.7233
398,39.8,0.65,0.7813,0.7229
399,39.9,0.6509,0.7813,0.7233
400,40.0,0.6509,0.7813,0.7233
401,40.1,0.65,0.7813,0.7229
402,40.2,0.65,0.7813,0.7229
403,40.3,0.6496,0.783,0.7236
404,40.4,0.6478,0.783,0.7227
405,40.5,0.646,0.783,0.7218
406,40.6,0.6465,0.7846,0.7228
407,40.7,0.6465,0.7846,0.7228
408,40.8,0.6465,0.7846,0.7228
409,40.9,0.6465,0.7846,0.7228
410,41.0,0.6456,0.7846,0.7224
411,41.1,0.6456,0.7846,0.7224
412,41.2,0.6447,0.7846,0.7219
413,41.3,0.6456,0.7846,0.7224
414,41.4,0.6434,0.7863,0.7221
415,41.5,0.6426,0.7863,0.7217
416,41.6,0.6417,0.7863,0.7213
417,41.7,0.6408,0.7863,0.7208
418,41.8,0.6399,0.7863,0.7204
419,41.9,0.6391,0.7863,0.72
420,42.0,0.6382,0.7863,0.7195
421,42.1,0.6382,0.7863,0.7195
422,42.2,0.6382,0.7863,0.7195
423,42.3,0.6382,0.7863,0.7195
424,42.4,0.6382,0.7863,0.7195
425,42.5,0.6373,0.7863,0.7191
426,42.6,0.6373,0.7863,0.7191
427,42.7,0.6382,0.7863,0.7195
428,42.8,0.6382,0.7863,0.7195
429,42.9,0.6382,0.7863,0.7195
430,43.0,0.6382,0.7863,0.7195
431,43.1,0.6373,0.7863,0.7191
432,43.2,0.6365,0.7863,0.7186
433,43.3,0.6365,0.7863,0.7186
434,43.4,0.6339,0.7863,0.7173
435,43.5,0.6339,0.7863,0.7173
436,43.6,0.6353,0.788,0.7189
437,43.7,0.6349,0.7896,0.7195
438,43.8,0.634,0.7896,0.719
439,43.9,0.634,0.7896,0.719
440,44.0,0.634,0.7896,0.719
441,44.1,0.6327,0.788,0.7175
442,44.2,0.6327,0.788,0.7175
443,44.3,0.6327,0.788,0.7175
444,44.4,0.6327,0.788,0.7175
445,44.5,0.6319,0.788,0.7171
446,44.6,0.6319,0.788,0.7171
447,44.7,0.6319,0.788,0.7171
448,44.8,0.631,0.788,0.7167
449,44.9,0.631,0.788,0.7167
450,45.0,0.631,0.788,0.7167
451,45.1,0.6302,0.788,0.7163
452,45.2,0.6302,0.788,0.7163
453,45.3,0.6302,0.788,0.7163
454,45.4,0.6302,0.788,0.7163
455,45.5,0.6302,0.788,0.7163
456,45.6,0.6285,0.788,0.7154
457,45.7,0.629,0.7896,0.7164
458,45.8,0.6282,0.7896,0.716
459,45.9,0.6282,0.7896,0.716
460,46.0,0.6282,0.7896,0.716
461,46.1,0.6286,0.7913,0.7171
462,46.2,0.6286,0.7913,0.7171
463,46.3,0.6296,0.7947,0.7193
464,46.4,0.6301,0.7963,0.7203
465,46.5,0.6301,0.7963,0.7203
466,46.6,0.6301,0.7963,0.7203
467,46.7,0.6301,0.7963,0.7203
468,46.8,0.6293,0.7963,0.7199
469,46.9,0.6298,0.798,0.721
470,47.0,0.6281,0.798,0.7201
471,47.1,0.6289,0.798,0.7205
472,47.2,0.6281,0.798,0.7201
473,47.3,0.6281,0.798,0.7201
474,47.4,0.6281,0.798,0.7201
475,47.5,0.6273,0.798,0.7197
476,47.6,0.6273,0.798,0.7197
477,47.7,0.6281,0.798,0.7201
478,47.8,0.6273,0.798,0.7197
479,47.9,0.6265,0.798,0.7192
480,48.0,0.626,0.7963,0.7182
481,48.1,0.6252,0.7963,0.7177
482,48.2,0.6252,0.7963,0.7177
483,48.3,0.6252,0.7963,0.7177
484,48.4,0.6252,0.7963,0.7177
485,48.5,0.6252,0.7963,0.7177
486,48.6,0.6252,0.7963,0.7177
487,48.7,0.6243,0.7963,0.7173
488,48.8,0.6243,0.7963,0.7173
489,48.9,0.6248,0.798,0.7183
490,49.0,0.6248,0.798,0.7183
491,49.1,0.6248,0.798,0.7183
492,49.2,0.6248,0.798,0.7183
493,49.3,0.624,0.798,0.7179
494,49.4,0.6232,0.798,0.7175
495,49.5,0.6232,0.798,0.7175
496,49.6,0.6232,0.798,0.7175
497,49.7,0.6224,0.798,0.7171
498,49.8,0.6224,0.798,0.7171
499,49.9,0.6216,0.798,0.7167
